ding_id,flow
6720024496996103514,ding_deleted
6720027529243014490,ding_deleted
6720025162716034394,ding_deleted
6719926747835413850,ding_deleted
6719968795565241690,ding_deleted
6720025437593941338,ding_deleted
6719990356301067610,ding_deleted
6720015421730383259,ding_deleted
6720065208984598586,ding_deleted
6719665854346870078,ding_deleted
6720062241173585214,ding_deleted
6719816852512095550,ding_deleted
6720020305112907070,ding_deleted
6719953926390910928,ding_deleted
6720062507461557566,ding_deleted
6720025643757255998,ding_deleted
6719150836228238187,ding_deleted
6719485036223474539,ding_deleted
6719498513830849387,ding_deleted
6719590035288959851,ding_deleted
6719652703156775787,ding_deleted
6719690580473359211,ding_deleted
6719105524323265387,ding_deleted
6719483975366552427,ding_deleted
6719513529036516203,ding_deleted
6719547102795869035,ding_deleted
6719849399774264638,ding_deleted
6719654120484989519,ding_deleted
6719128416498953067,ding_deleted
6719505849634990955,ding_deleted
6719738499423480683,ding_deleted
6720690345779636126,ding_deleted
6721074526310312811,ding_deleted
6718949088728476765,ding_deleted
6718942066456947805,ding_deleted
6718964812603747421,ding_deleted
6717833608413600463,ding_deleted
6718932544514452573,ding_deleted
6719933782996835023,ding_deleted
6720264564198103759,ding_deleted
6720550377090874991,ding_deleted
6718968351656799325,ding_deleted
6718928782123101277,ding_deleted
6720063310620441918,ding_deleted
6720063207541226814,ding_deleted
6717261729221892486,ding_deleted
6720713731877678153,ding_deleted
6721043718507696080,ding_deleted
6721031495030771664,ding_deleted
6721021908663766992,ding_deleted
6720713332445719625,ding_deleted
6721065755987094379,ding_deleted
6721039625403862992,ding_deleted
6721023467736895440,ding_deleted
6719507297038003293,ding_deleted
6718951536859835485,ding_deleted
6721083446957386603,ding_deleted
6720621789501889558,ding_deleted
6719498775822888029,ding_deleted
6721077842025065323,ding_deleted
6721021380382789584,ding_deleted
6720526784835120221,ding_deleted
6719105416948116573,ding_deleted
6721079482700369872,ding_deleted
6721069419594197867,ding_deleted
6719127351346097245,ding_deleted
6719925442168862523,ding_deleted
6719996639843106110,ding_deleted
6720712490632129609,ding_deleted
6719985846579272726,ding_deleted
6721072121128627051,ding_deleted
6719962232857661392,ding_deleted
6720347736239549513,ding_deleted
6721073890655153003,ding_deleted
6718801011141012573,ding_deleted
6718772157550718045,ding_deleted
6720783825741647824,ding_deleted
6719925854486857265,ding_deleted
6720244751513726025,ding_deleted
6721083528559562704,ding_deleted
6718771311442160733,ding_deleted
6719482592386116701,ding_deleted
6721076411800955755,ding_deleted
6719924321182398267,ding_deleted
6721035523710095312,ding_deleted
6719924157973641019,ding_deleted
6719922135044044603,ding_deleted
6719307980480725683,ding_deleted
6721073894950218825,ding_deleted
6719973073355116496,ding_deleted
6718746207354807707,ding_deleted
6721056758030609259,ding_deleted
6718514493863110753,ding_deleted
6720285927362891728,ding_deleted
6720654392609452462,ding_deleted
6719308637610721971,ding_deleted
6721019791244890064,ding_deleted
6721076905722293321,ding_deleted
6720717120606874697,ding_deleted
6720026434031238462,ding_deleted
6719837464060149054,ding_deleted
6719654339528321615,ding_deleted
6721087552943919056,ding_deleted
6719501820954700893,ding_deleted
6719047271680863325,ding_deleted
6718827150308533279,ding_deleted
6720712902938106902,ding_deleted
6721027470646415312,ding_deleted
6719513842568162397,ding_deleted
6720612546732268566,ding_deleted
6719678722068888894,ding_deleted
6719676265347595582,ding_deleted
6719968782682787792,ding_deleted
6719290285225438301,ding_deleted
6718869764978722885,ding_deleted
6718829534020061253,ding_deleted
6721055108763167595,ding_deleted
6719966798407897040,ding_deleted
6718822223981044767,ding_deleted
6720802264037883503,ding_deleted
6719676815103409470,ding_deleted
6720828841293877200,ding_deleted
6720568291400035179,ding_deleted
6718844033829652549,ding_deleted
6718838751015134619,ding_deleted
6719159855657357264,ding_deleted
6718780532736945245,ding_deleted
6721072911402609515,ding_deleted
6720026906466622486,ding_deleted
6720062309893061950,ding_deleted
6718961058802330717,ding_deleted
6718765431631932509,ding_deleted
6718764048652463197,ding_deleted
6718986923095387229,ding_deleted
6720623370049854486,ding_deleted
6718869932477768735,ding_deleted
6720965369705698456,ding_deleted
6720755620691414992,ding_deleted
6718865014740214815,ding_deleted
6718828782396105759,ding_deleted
6718907607933095888,ding_deleted
6718931883089488989,ding_deleted
6718815429347191659,ding_deleted
6718832570557260831,ding_deleted
6718829645684532255,ding_deleted
6719568547565281634,ding_deleted
6720019952914570262,ding_deleted
6718826677866539883,ding_deleted
6718794757669596011,ding_deleted
6718913376076376939,ding_deleted
6718897488992349035,ding_deleted
6718829022918683499,ding_deleted
6718783363121359723,ding_deleted
6718850824172677995,ding_deleted
6718828576242084715,ding_deleted
6718878758639971179,ding_deleted
6718753530278521707,ding_deleted
6718785467655334763,ding_deleted
6720828424682049488,ding_deleted
6718880923303488363,ding_deleted
6718858232991263595,ding_deleted
6718798782053952363,ding_deleted
6720620466663086799,ding_deleted
6718851953749076843,ding_deleted
6718897922784045931,ding_deleted
6718824594807401323,ding_deleted
6718814995555494763,ding_deleted
6718792373962746731,ding_deleted
6718820845300951915,ding_deleted
6718826136700660587,ding_deleted
6718800207983094635,ding_deleted
6718786438316977245,ding_deleted
6718929078475844701,ding_deleted
6718813462252170091,ding_deleted
6718860290280598379,ding_deleted
6718757700691766123,ding_deleted
6718774704467290987,ding_deleted
6719465369542471920,ding_deleted
6718914905084734315,ding_deleted
6718741083463297899,ding_deleted
6718792786278640733,ding_deleted
6718868592452381547,ding_deleted
6718847864940211051,ding_deleted
6718846653759433579,ding_deleted
6718873759298038635,ding_deleted
6718880455152053099,ding_deleted
6719513425956334685,ding_deleted
6719193274799123549,ding_deleted
6719497878175689579,ding_deleted
6719602503579020139,ding_deleted
6719822710847253355,ding_deleted
6719159950148840299,ding_deleted
6719353352526179179,ding_deleted
6719543980354644843,ding_deleted
6718975283732778960,ding_deleted
6719581544138615659,ding_deleted
6719134274834344811,ding_deleted
6719441206082218859,ding_deleted
6719453571293064043,ding_deleted
6719527221392255851,ding_deleted
6719547601012075371,ding_deleted
6719168948105325419,ding_deleted
6719810444420655979,ding_deleted
6720778448442593232,ding_deleted
6718758186023070571,ding_deleted
6719191037119926224,ding_deleted
6718827850390409168,ding_deleted
6718835735950364624,ding_deleted
6718798270952844139,ding_deleted
6718748492281883499,ding_deleted
6718918886517215184,ding_deleted
6721290288286590812,ding_deleted
6718815910381326288,ding_deleted
6718971937954491485,ding_deleted
6719995871043960126,ding_deleted
6720841408368185296,ding_deleted
6719597225064213355,ding_deleted
6719278538490850155,ding_deleted
6719263957076880235,ding_deleted
6719967232199593936,ding_deleted
6719958032379645904,ding_deleted
6718895324326629328,ding_deleted
6720066540424460346,ding_deleted
6719232058354772843,ding_deleted
6719185062822889541,ding_deleted
6719173054094060395,ding_deleted
6719211773224233835,ding_deleted
6719184392807721835,ding_deleted
6720727681920572438,ding_deleted
6719599063310216043,ding_deleted
6719186510226598763,ding_deleted
6719693930548084030,ding_deleted
6719272353737943915,ding_deleted
6718894190457465707,ding_deleted
6719982354779443152,ding_deleted
6719183499454524267,ding_deleted
6719244509464963947,ding_deleted
6718821472366177131,ding_deleted
6718806504405150571,ding_deleted
6718752645515258731,ding_deleted
6718775194093562731,ding_deleted
6719191866050816875,ding_deleted
6719978725532078032,ding_deleted
6717276100183199510,ding_deleted
6717033262732283670,ding_deleted
6716643606119321366,ding_deleted
6717803500692311830,ding_deleted
6720023985895171483,ding_deleted
6715486365834271047,ding_deleted
6720274000238710736,ding_deleted
6720747894045483119,ding_deleted
6720450222738516065,ding_deleted
6720544664784371311,ding_deleted
6719922371267245883,ding_deleted
6719544096319031365,ding_deleted
6719575767407872069,ding_deleted
6719604346120259653,ding_deleted
6719612287514789957,ding_deleted
6719635214049946475,ding_deleted
6719616406388426821,ding_deleted
6721306974234771055,ding_deleted
6719630480995986283,ding_deleted
6719614422113266539,ding_deleted
6719233192226237513,ding_deleted
6719577373725640773,ding_deleted
6719627066496985963,ding_deleted
6718906912150596459,ding_deleted
6718838562041047915,ding_deleted
6718896685832498269,ding_deleted
6720342582278794313,ding_deleted
6719231379749940075,ding_deleted
6719618755735537733,ding_deleted
6719611840838191173,ding_deleted
6719544238052952133,ding_deleted
6721079645898754471,ding_deleted
6719561795879258181,ding_deleted
6720738299089495966,ding_deleted
6720177917516540495,ding_deleted
6719044037570489437,ding_deleted
6720722631038822991,ding_deleted
6718921759851572317,ding_deleted
6720008283488217679,ding_deleted
6719604281695480683,ding_deleted
6719845817760311887,ding_deleted
6720312109474736719,ding_deleted
6720003898326608463,ding_deleted
6718782813364579421,ding_deleted
6720652597302094415,ding_deleted
6720414076293311055,ding_deleted
6720336513478912591,ding_deleted
6719902764731689551,ding_deleted
6720232691234466383,ding_deleted
6720779595190069839,ding_deleted
6720787523699698255,ding_deleted
6720726294645926479,ding_deleted
6720178308358564431,ding_deleted
6719925785766246203,ding_deleted
6720558820986153551,ding_deleted
6719842115498502735,ding_deleted
6719905444791282255,ding_deleted
6719813077224614479,ding_deleted
6720957999552874565,ding_deleted
6720273274380446287,ding_deleted
6720561208987970127,ding_deleted
6720198632143809103,ding_deleted
6719903185638484559,ding_deleted
6719109827869983545,ding_deleted
6720652760510851663,ding_deleted
6720587232194816591,ding_deleted
6720316413031967311,ding_deleted
6720174275395407976,ding_deleted
6719185389240404037,ding_deleted
6720651021049096783,ding_deleted
6720032580118211151,ding_deleted
6719988350556260421,ding_deleted
6720348870110817131,ding_deleted
6719296650365734864,ding_deleted
6719796301089957557,ding_deleted
6720310065079095248,ding_deleted
6720306010629967824,ding_deleted
6720203369504000069,ding_deleted
6719998108721956933,ding_deleted
6720233356965660741,ding_deleted
6719585705959722960,ding_deleted
6719721959501847117,ding_deleted
6719968859994671173,ding_deleted
6720340507809761349,ding_deleted
6718916172099120221,ding_deleted
6718904914989837405,ding_deleted
6719596189974892496,ding_deleted
6720269928609714128,ding_deleted
6719433535270059631,ding_deleted
6719266899128909423,ding_deleted
6720738943334590366,ding_deleted
6719981203730206486,ding_deleted
6718887885442898509,ding_deleted
6719173054091857872,ding_deleted
6719156063201234896,ding_deleted
6720277998853263312,ding_deleted
6718859577313824720,ding_deleted
6719861361257381487,ding_deleted
6719557037054656111,ding_deleted
6720760409579017429,ding_deleted
6718932402779295696,ding_deleted
6718931032684728272,ding_deleted
6719696666441449071,ding_deleted
6720595530081822556,ding_deleted
6719170541535989712,ding_deleted
6721052235429242716,ding_deleted
6718899619295161437,ding_deleted
6719628642749415023,ding_deleted
6718975708934541264,ding_deleted
6720259006510082923,ding_deleted
6719930531705683567,ding_deleted
6719270257793334895,ding_deleted
6721080096882091868,ding_deleted
6720729429982242652,ding_deleted
6721048305534166876,ding_deleted
6720728158671923036,ding_deleted
6719976440611475222,ding_deleted
6719685057145212694,ding_deleted
6718839670140407760,ding_deleted
6719741905329969741,ding_deleted
6719581277848440784,ding_deleted
6719909177128652566,ding_deleted
6720263189808229227,ding_deleted
6718863520093802448,ding_deleted
6718783547802750928,ding_deleted
6719157364576325584,ding_deleted
6719591109028581328,ding_deleted
6718879432947634128,ding_deleted
6718871474373234640,ding_deleted
6720683671400671068,ding_deleted
6721046347029079900,ding_deleted
6720262421009083243,ding_deleted
6718977126273748944,ding_deleted
6719598200019587024,ding_deleted
6719248185956400751,ding_deleted
6718819621234306141,ding_deleted
6720241384258334251,ding_deleted
6718811963306381264,ding_deleted
6719597504234885072,ding_deleted
6718808643297897565,ding_deleted
6719169794211680208,ding_deleted
6719168295268093904,ding_deleted
6719182893861933008,ding_deleted
6718850317365570653,ding_deleted
6718781658017140688,ding_deleted
6719883982850494230,ding_deleted
6719182803669253743,ding_deleted
6719199979241836496,ding_deleted
6719561237531037648,ding_deleted
6718804210891648093,ding_deleted
6720730164421650268,ding_deleted
6719883355785269014,ding_deleted
6719501576142327574,ding_deleted
6718911086858808171,ding_deleted
6719900441165172502,ding_deleted
6719685967678279446,ding_deleted
6720068627779795934,ding_deleted
6719136581229580240,ding_deleted
6719810392878471757,ding_deleted
6719594338843987920,ding_deleted
6719274204868848491,ding_deleted
6719240747073612651,ding_deleted
6719175570944895851,ding_deleted
6719577330773495760,ding_deleted
6719200876890001360,ding_deleted
6719134614136192623,ding_deleted
6719200486047977424,ding_deleted
6719250363505388395,ding_deleted
6720276912228739947,ding_deleted
6718749239603990480,ding_deleted
6720938990026549084,ding_deleted
6718775718077370320,ding_deleted
6718555480744366032,ding_deleted
6718787812705275856,ding_deleted
6718776843358801872,ding_deleted
6719873911152185110,ding_deleted
6718821519606408223,ding_deleted
6719601562978979792,ding_deleted
6719593720368697296,ding_deleted
6719866330534907670,ding_deleted
6719194992784805840,ding_deleted
6719601026108067792,ding_deleted
6718791828499697616,ding_deleted
6718880055720364101,ding_deleted
6718844162678671429,ding_deleted
6718778071719448528,ding_deleted
6719569170335633360,ding_deleted
6718856493525099551,ding_deleted
6719117919598313071,ding_deleted
6712212831955423184,ding_deleted
6719636738763336555,ding_deleted
6719478421969188186,ding_deleted
6718871822268057669,ding_deleted
6719485087758431578,ding_deleted
6719473061850002778,ding_deleted
6719471146294588762,ding_deleted
6718489565881274320,ding_deleted
6718728864276866459,ding_deleted
6718748320478717339,ding_deleted
6719181566719241067,ding_deleted
6718488109887360976,ding_deleted
6718866213036090399,ding_deleted
6720693429566154654,ding_deleted
6720626359357308527,ding_deleted
6719763010801937481,ding_deleted
6720225922372351322,ding_deleted
6719342353110283610,ding_deleted
6718783401775098973,ding_deleted
6720254466718866454,ding_deleted
6718792279472499805,ding_deleted
6720663897361050191,ding_deleted
6719159202824326934,ding_deleted
6718918916583984918,ding_deleted
6718509988452765462,ding_deleted
6718851545724981200,ding_deleted
6718034715961724694,ding_deleted
6718867505823453136,ding_deleted
6718819934765682640,ding_deleted
6719274303648621979,ding_deleted
6721380568500211058,ding_deleted
6718899387365691344,ding_deleted
6720667225971129967,ding_deleted
6719161543581976645,ding_deleted
6720778044706875983,ding_deleted
6720023904290616666,ding_deleted
6718887318507589584,ding_deleted
6720025746831586650,ding_deleted
6718444610460585750,ding_deleted
6719166890813788112,ding_deleted
6720791054162815567,ding_deleted
6720648152010943055,ding_deleted
6718855565814370256,ding_deleted
6719178693383917520,ding_deleted
6720269859892439915,ding_deleted
6719151909967859664,ding_deleted
6720725169364494927,ding_deleted
6720000939094141519,ding_deleted
6720067966354832350,ding_deleted
6718765856833694813,ding_deleted
6720555260458265167,ding_deleted
6719813558260951631,ding_deleted
6718883375727611856,ding_deleted
6718875451512950736,ding_deleted
6718917340328988624,ding_deleted
6718903519124230096,ding_deleted
6718891385841618896,ding_deleted
6719124886024332828,ding_deleted
6719153481925890000,ding_deleted
6718981404061175760,ding_deleted
6720415987553757775,ding_deleted
6718847602945003472,ding_deleted
6718761566161366109,ding_deleted
6719172517220945872,ding_deleted
6719100271576059856,ding_deleted
6720066518949625819,ding_deleted
6718772505443069021,ding_deleted
6719165378985299920,ding_deleted
6718796020389014621,ding_deleted
6720674956901837391,ding_deleted
6720586725388675663,ding_deleted
6719111636059525072,ding_deleted
6719153971552161744,ding_deleted
6718916885062455248,ding_deleted
6720066965627452382,ding_deleted
6719980344734974164,ding_deleted
6718831797465354192,ding_deleted
6718823894725529552,ding_deleted
6718787597958147165,ding_deleted
6718808003346534352,ding_deleted
6718901268559095195,ding_deleted
6718879639108536389,ding_deleted
6719158094720765904,ding_deleted
6718843673049927632,ding_deleted
6718804030501785552,ding_deleted
6718800092016775120,ding_deleted
6718781872766741597,ding_deleted
6718878689920763973,ding_deleted
6718871367001524293,ding_deleted
6719187025620471760,ding_deleted
6718884234718799259,ding_deleted
6718850858528007199,ding_deleted
6719174626049888208,ding_deleted
6718769314282368093,ding_deleted
6718977152045755243,ding_deleted
6718961342271138667,ding_deleted
6718891325714548805,ding_deleted
6718868854445656133,ding_deleted
6718030232015502959,ding_deleted
6720067459548691422,ding_deleted
6719970453425291476,ding_deleted
6718866878756021279,ding_deleted
6719489928190656111,ding_deleted
6719261809592663663,ding_deleted
6718905752509696069,ding_deleted
6718958739520957291,ding_deleted
6718937608281860971,ding_deleted
6718854706823383109,ding_deleted
6719936647738537787,ding_deleted
6718846739654305179,ding_deleted
6720256451004541803,ding_deleted
6718963717388053355,ding_deleted
6720206268604678356,ding_deleted
6720068477455940574,ding_deleted
6719990747145765076,ding_deleted
6718829478185486405,ding_deleted
6718854904387200031,ding_deleted
6718883985610761247,ding_deleted
6718857326748754975,ding_deleted
6720715127716196592,ding_deleted
6717736108360105583,ding_deleted
6718906229251065925,ding_deleted
6720270452597926763,ding_deleted
6718840945747093340,ding_deleted
6718941555356237423,ding_deleted
6718788104760780187,ding_deleted
6720182964114205769,ding_deleted
6717775939886808687,ding_deleted
6718782289378731868,ding_deleted
6718940674888510315,ding_deleted
6720267867027614571,ding_deleted
6720302050670120912,ding_deleted
6720336650929129541,ding_deleted
6720239760761728073,ding_deleted
6719966609431637065,ding_deleted
6718745034828735899,ding_deleted
6718935173035404139,ding_deleted
6718931964694834027,ding_deleted
6720067309224836062,ding_deleted
6720076143972563934,ding_deleted
6720189483874561097,ding_deleted
6720272028850924395,ding_deleted
6718938274001791851,ding_deleted
6718879505959871519,ding_deleted
6718851648801989663,ding_deleted
6720210658063330377,ding_deleted
6718848921502435397,ding_deleted
6718878805880202271,ding_deleted
6720595341078311152,ding_deleted
6720203725986114633,ding_deleted
6718942684933204843,ding_deleted
6719245600384697719,ding_deleted
6720434520337849366,ding_deleted
6720224960304426057,ding_deleted
6720343020363157456,ding_deleted
6720236784349391945,ding_deleted
6719968185684634697,ding_deleted
6720233193751983450,ding_deleted
6720226115645879642,ding_deleted
6720242823073410121,ding_deleted
6720330479058653136,ding_deleted
6719275085337337933,ding_deleted
6720322275671117776,ding_deleted
6720209438287869274,ding_deleted
6720426454389267478,ding_deleted
6720147388900093001,ding_deleted
6720387258517724182,ding_deleted
6720334743961178064,ding_deleted
6720197356549614665,ding_deleted
6716239157628654222,ding_deleted
6719248362049824604,ding_deleted
6719966287306414669,ding_deleted
6719184044914567004,ding_deleted
6720318010768592848,ding_deleted
6720337308059125829,ding_deleted
6720237286860565577,ding_deleted
6720594185732108528,ding_deleted
6720364911787913456,ding_deleted
6720346056907238251,ding_deleted
6720341628795956075,ding_deleted
6720064800963075094,ding_deleted
6719903434745857966,ding_deleted
6718927463564633499,ding_deleted
6718922464226208861,ding_deleted
6720351915242629995,ding_deleted
6720351447091194731,ding_deleted
6719969323851139141,ding_deleted
6719992512379570245,ding_deleted
6720064985646668822,ding_deleted
6718911683858295901,ding_deleted
6720266887773529722,ding_deleted
6720937641381867760,ding_deleted
6719110132822157214,ding_deleted
6718920909448047709,ding_deleted
6718925749876190301,ding_deleted
6718905653724212317,ding_deleted
6719981736295570454,ding_deleted
6718925204415343709,ding_deleted
6720300324081527191,ding_deleted
6720300392801003927,ding_deleted
6720290024761692112,ding_deleted
6718910206389546077,ding_deleted
6720281967403044816,ding_deleted
6718909673813601373,ding_deleted
6718927682611473501,ding_deleted
6719997223955847757,ding_deleted
6718897252768181341,ding_deleted
6720312577623222679,ding_deleted
6720581017376781935,ding_deleted
6720580746793842287,ding_deleted
6719965900762033225,ding_deleted
6719201405170978768,ding_deleted
6719881221185709982,ding_deleted
6719199399421251536,ding_deleted
6718786343826460624,ding_deleted
6718538631587663824,ding_deleted
6719205412375465936,ding_deleted
6718441969053700048,ding_deleted
6718796123466993616,ding_deleted
6718754436514418640,ding_deleted
6718487396922789840,ding_deleted
6720132712985959446,ding_deleted
6719227329594976092,ding_deleted
6718779166936109008,ding_deleted
6718443626911076304,ding_deleted
6719226543615960924,ding_deleted
6718781219930476496,ding_deleted
6718732403332190160,ding_deleted
6720144056001926981,ding_deleted
6719909847139104090,ding_deleted
6720024711744468314,ding_deleted
6720029444798428506,ding_deleted
6718855441257609835,ding_deleted
6720353611754143343,ding_deleted
6719292780600201168,ding_deleted
6719236920256948060,ding_deleted
6719247872423552860,ding_deleted
6720279931590180463,ding_deleted
6720352121401329733,ding_deleted
6719239570250371024,ding_deleted
6719224520687437893,ding_deleted
6717998307519249003,ding_deleted
6719265155370553296,ding_deleted
6718932157968631877,ding_deleted
6719179294680737628,ding_deleted
6718167314482346603,ding_deleted
6719248675581038544,ding_deleted
6719990472270069054,ding_deleted
6718912654522140741,ding_deleted
6720687884752779714,ding_deleted
6718154455354969878,ding_deleted
6716930041783258902,ding_deleted
6719249770797699024,ding_deleted
6719492084262604752,ding_deleted
6717877116431765270,ding_deleted
6719233810701528137,ding_deleted
6718847465503341163,ding_deleted
6718788096174475811,ding_deleted
6720303953332283489,ding_deleted
6718828765215734379,ding_deleted
6718214151104614634,ding_deleted
6718219833346347242,ding_deleted
6719226324571230160,ding_deleted
6718555566641003115,ding_deleted
6719158700313626693,ding_deleted
6716875646022455062,ding_deleted
6719907171378325340,ding_deleted
6717990971719814934,ding_deleted
6716652651320446742,ding_deleted
6718930298247792709,ding_deleted
6718917649569105989,ding_deleted
6718911593665218629,ding_deleted
6719209552723939280,ding_deleted
6718858061192367894,ding_deleted
6718170067561090838,ding_deleted
6720884886313540630,ding_deleted
6719111721960869654,ding_deleted
6718244164336881430,ding_deleted
6720063426584558910,ding_deleted
6717252649661763350,ding_deleted
6719274024480018198,ding_deleted
6717464537578344214,ding_deleted
6716879648931974934,ding_deleted
6718435041273450262,ding_deleted
6717309411949547286,ding_deleted
6719266435272806166,ding_deleted
6717986912971012715,ding_deleted
6718859650330267414,ding_deleted
6720343368257710955,ding_deleted
6720339541441850219,ding_deleted
6720901911563901974,ding_deleted
6718088768125144854,ding_deleted
6719267169712213782,ding_deleted
6718762330666307350,ding_deleted
6716663813940449046,ding_deleted
6717191450672028038,ding_deleted
6717255900952006422,ding_deleted
6717035990036516630,ding_deleted
6716514542352076566,ding_deleted
6719774323742250821,ding_deleted
6718429088448778006,ding_deleted
6717627729155723030,ding_deleted
6719473203586371536,ding_deleted
6719243908167339984,ding_deleted
6719234970340397008,ding_deleted
6718920432696705715,ding_deleted
6718919079782007475,ding_deleted
6718922640309895859,ding_deleted
6718911318776103603,ding_deleted
6718920965272650419,ding_deleted
6719187137292093509,ding_deleted
6718953168948374379,ding_deleted
6704407927190818768,ding_deleted
6718925041207552875,ding_deleted
6718962102480350059,ding_deleted
6718911739682898611,ding_deleted
6718620334747826795,ding_deleted
6718930057729354603,ding_deleted
6720339073288212432,ding_deleted
6719773838410946373,ding_deleted
6719653158412315215,ding_deleted
6718979333889141611,ding_deleted
6718956888390052715,ding_deleted
6719309226021241523,ding_deleted
6718740168634459996,ding_deleted
6718429638204591894,ding_deleted
6717748271707852566,ding_deleted
6717377865138310934,ding_deleted
6718910833456007237,ding_deleted
6718959568449645419,ding_deleted
6718837599963462251,ding_deleted
6719308942553399987,ding_deleted
6720601701949826908,ding_deleted
6719159473407739973,ding_deleted
6717776206174781039,ding_deleted
6719060040619032175,ding_deleted
6720346971735541829,ding_deleted
6719308302603272883,ding_deleted
6719256054336851734,ding_deleted
6717019063570403094,ding_deleted
6718784587186235228,ding_deleted
6716505707604348694,ding_deleted
6721046858130188124,ding_deleted
6718839897775073116,ding_deleted
6719167504993592451,ding_deleted
6718859079099617046,ding_deleted
6720200225587768393,ding_deleted
6719324301362607392,ding_deleted
6719307709897786035,ding_deleted
6719170657499587715,ding_deleted
6719223786248030277,ding_deleted
6719219345251846213,ding_deleted
6718510422244462358,ding_deleted
6717772890460393238,ding_deleted
6716926245032169238,ding_deleted
6717625873729851158,ding_deleted
6720705210661660508,ding_deleted
6719623935465827179,ding_deleted
6720188014995745865,ding_deleted
6718835040166898781,ding_deleted
6719955717391899213,ding_deleted
6720186533227279706,ding_deleted
6719168836433454211,ding_deleted
6719934770837829435,ding_deleted
6719580620720916549,ding_deleted
6719544813578569797,ding_deleted
6719224469144839299,ding_deleted
6716652934788288278,ding_deleted
6719989896744486981,ding_deleted
6720203962209486917,ding_deleted
6720209051745732677,ding_deleted
6719951796089604165,ding_deleted
6719159993098782789,ding_deleted
6718782903559055196,ding_deleted
6718971976610163563,ding_deleted
6719158343831341125,ding_deleted
6718376311885937259,ding_deleted
6720345043294956395,ding_deleted
6720349488586107755,ding_deleted
6718911726809204805,ding_deleted
6719147692312447045,ding_deleted
6719922873779553841,ding_deleted
6719920524431308603,ding_deleted
6720272578607007813,ding_deleted
6718162267895773803,ding_deleted
6719925218830563131,ding_deleted
6720236406392440901,ding_deleted
6718166807676205675,ding_deleted
6718929589578188869,ding_deleted
6718970808379059051,ding_deleted
6720010357968685125,ding_deleted
6718742724140001116,ding_deleted
6720347525786053483,ding_deleted
6718916889359894597,ding_deleted
6719113732006037573,ding_deleted
6719925034146969403,ding_deleted
6717998638231730795,ding_deleted
6720362618301131627,ding_deleted
6720013987215212143,ding_deleted
6720007295657003077,ding_deleted
6719903503465334702,ding_deleted
6719925519479408177,ding_deleted
6719920090639611707,ding_deleted
6720295427833022533,ding_deleted
6719989286859130949,ding_deleted
6720001763739125829,ding_deleted
6719924505865991995,ding_deleted
6720636809013577797,ding_deleted
6720609084999682117,ding_deleted
6720353319697205317,ding_deleted
6719480071241280363,ding_deleted
6719495430044330859,ding_deleted
6719551105705388907,ding_deleted
6719563556815580011,ding_deleted
6720402716116076613,ding_deleted
6719109076252653888,ding_deleted
6720694232726028091,ding_deleted
6720613165218613317,ding_deleted
6719656950879431531,ding_deleted
6719661370400779115,ding_deleted
6719720164208094059,ding_deleted
6719793861548533429,ding_deleted
6720614054276843589,ding_deleted
6720594456341071941,ding_deleted
6719990150142637402,ding_deleted
6720616175990687813,ding_deleted
6720345064770062405,ding_deleted
6719644113222183787,ding_deleted
6719359356890458987,ding_deleted
6719532134834842475,ding_deleted
6719581063102278507,ding_deleted
6720357743513520197,ding_deleted
6720381211214825541,ding_deleted
6720612100066723909,ding_deleted
6720397867097999429,ding_deleted
6720396363859445829,ding_deleted
6719109982499318635,ding_deleted
6719762559830371401,ding_deleted
6720604227391670341,ding_deleted
6719516535513623403,ding_deleted
6719566747976280939,ding_deleted
6719049122804169024,ding_deleted
6719128910420192107,ding_deleted
6719104772703988587,ding_deleted
6719166646002854763,ding_deleted
6719413847140543339,ding_deleted
6719482502192769899,ding_deleted
6719519516220926827,ding_deleted
6720434619122097174,ding_deleted
6720527978826210326,ding_deleted
6720401655259154501,ding_deleted
6719121819429186411,ding_deleted
6719469247923694443,ding_deleted
6719148134693809003,ding_deleted
6720351064813351152,ding_deleted
6720024956557604186,ding_deleted
6719909331743028570,ding_deleted
6719507271269165931,ding_deleted
6719527788327938923,ding_deleted
6719520684452031339,ding_deleted
6720720887267340528,ding_deleted
6720715613047501040,ding_deleted
6719139742327712619,ding_deleted
6719141511854238571,ding_deleted
6719687500981807979,ding_deleted
6719159189939628907,ding_deleted
6719349551480122219,ding_deleted
6719722320281676651,ding_deleted
6719849279514946411,ding_deleted
6719771192711145141,ding_deleted
6719157467657743211,ding_deleted
6719492316193041259,ding_deleted
6719505368598653803,ding_deleted
6719596679603366763,ding_deleted
6719496074289425259,ding_deleted
6719094984464955712,ding_deleted
6720312959863501040,ding_deleted
6720331922170136645,ding_deleted
6719544512930589547,ding_deleted
6719638778872802155,ding_deleted
6719165250138483563,ding_deleted
6719589498418047851,ding_deleted
6719822083782028139,ding_deleted
6720666654741163408,ding_deleted
6720462102617824278,ding_deleted
6720424319801575493,ding_deleted
6720733059204657392,ding_deleted
6719577025833020267,ding_deleted
6720685810269434096,ding_deleted
6720326450379329488,ding_deleted
6719133858222517099,ding_deleted
6719648339470003051,ding_deleted
6720497055046709488,ding_deleted
6719121136529386347,ding_deleted
6720676473010532592,ding_deleted
6719491830861736811,ding_deleted
6720314072283582416,ding_deleted
6719106318892215147,ding_deleted
6719118258901298027,ding_deleted
6719591529937578859,ding_deleted
6719522526993001323,ding_deleted
6719530219279428459,ding_deleted
6719564514593287019,ding_deleted
6719739190913215339,ding_deleted
6719150127558634347,ding_deleted
6719397384530897771,ding_deleted
6719149302924913515,ding_deleted
6719565197493087083,ding_deleted
6719720945892141931,ding_deleted
6719500188868094827,ding_deleted
6719512949215931243,ding_deleted
6719518283565312875,ding_deleted
6719540737654336363,ding_deleted
6719136267699170155,ding_deleted
6719145785346698091,ding_deleted
6719562435829115755,ding_deleted
6719841028882770795,ding_deleted
6720043201582759535,ding_deleted
6720022744643312662,ding_deleted
6720019678036663318,ding_deleted
6719113006156295019,ding_deleted
6719493351277957072,ding_deleted
6720017036631776278,ding_deleted
6720011354390043670,ding_deleted
6720013622142991983,ding_deleted
6720233872360898159,ding_deleted
6719999818118102639,ding_deleted
6720071200474562159,ding_deleted
6718158857691740779,ding_deleted
6719228192882003920,ding_deleted
6720349024729071215,ding_deleted
6720325209135414895,ding_deleted
6719443881844641744,ding_deleted
6719908983854311326,ding_deleted
6720902049011437520,ding_deleted
6719998722901442159,ding_deleted
6720379252708900463,ding_deleted
6719870320558925660,ding_deleted
6719998413663796847,ding_deleted
6720313909076459119,ding_deleted
6721194115379134063,ding_deleted
6721192775339178858,ding_deleted
6719462281483764000,ding_deleted
6719654816280954949,ding_deleted
6719657337426757701,ding_deleted
6719695042943252120,ding_deleted
6718783960119611344,ding_deleted
6719481926664949712,ding_deleted
6721193282153750882,ding_deleted
6718468275728388048,ding_deleted
6718441457952591824,ding_deleted
6719217665917161424,ding_deleted
6709975768174530512,ding_deleted
6719237611745284048,ding_deleted
6719221728956223440,ding_deleted
6719233097734655952,ding_deleted
6709860173424725968,ding_deleted
6718785914329731024,ding_deleted
6719271713785614288,ding_deleted
6719266555529891792,ding_deleted
6704407248585986000,ding_deleted
6719269235589484496,ding_deleted
6719250994863378384,ding_deleted
6719226754067959760,ding_deleted
6718780322282311632,ding_deleted
6699913196670914512,ding_deleted
6719292368283340752,ding_deleted
6719203995037443998,ding_deleted
6719260229043064784,ding_deleted
6719607928121911132,ding_deleted
6719475187862448030,ding_deleted
6719963250766309212,ding_deleted
6720347195071369168,ding_deleted
6719470802699653072,ding_deleted
6719235889463398352,ding_deleted
6720034856460855198,ding_deleted
6719251531734290384,ding_deleted
6719238032652079056,ding_deleted
6719236739866922960,ding_deleted
6719870840249968476,ding_deleted
6718890934871238558,ding_deleted
6719213654417706960,ding_deleted
6720168945340993640,ding_deleted
6719267199774986192,ding_deleted
6719255891126095824,ding_deleted
6719872274769045340,ding_deleted
6720172329775222888,ding_deleted
6719962005225793372,ding_deleted
6719503534646651997,ding_deleted
6719494656949251165,ding_deleted
6719076554767887453,ding_deleted
6720168198016684136,ding_deleted
6718934146537253981,ding_deleted
6719486307532666022,ding_deleted
6720528992449276779,ding_deleted
6720532299574094699,ding_deleted
6719455113186517069,ding_deleted
6720183724322352221,ding_deleted
6720460745418943339,ding_deleted
6719594635198130012,ding_deleted
6719596520688772956,ding_deleted
6719292359695878213,ding_deleted
6719486286057991261,ding_deleted
6720323581342411869,ding_deleted
6719172762035317853,ding_deleted
6720725955354504043,ding_deleted
6718998566751726685,ding_deleted
6718948672116649053,ding_deleted
6719510926285368413,ding_deleted
6719437581128854621,ding_deleted
6719013083741187165,ding_deleted
6718988855830670429,ding_deleted
6719241275353623645,ding_deleted
6719165774123527261,ding_deleted
6720594327490979676,ding_deleted
6719998619823135439,ding_deleted
6719463076051039578,ding_deleted
6719490014090840133,ding_deleted
6719546857980436834,ding_deleted
6720826930024912668,ding_deleted
6717986595143432811,ding_deleted
6720686686467712860,ding_deleted
6719596031062501212,ding_deleted
6721351019120048747,ding_deleted
6721133977247055471,ding_deleted
6718122921700375147,ding_deleted
6719127858148293227,ding_deleted
6720706928648578908,ding_deleted
6719122948995072825,ding_deleted
6719595906509523013,ding_deleted
6719603813544314949,ding_deleted
6719591151980726341,ding_deleted
6720294130750427088,ding_deleted
6720298103595175888,ding_deleted
6720690315715077980,ding_deleted
6721069776075914863,ding_deleted
6720827346636740380,ding_deleted
6720647559315646300,ding_deleted
6719483283872167258,ding_deleted
6718836749563882589,ding_deleted
6718839262119750749,ding_deleted
6718801771350223965,ding_deleted
6719618777210104683,ding_deleted
6720759941430148719,ding_deleted
6720871460254355408,ding_deleted
6720684350005503836,ding_deleted
6720639244258961244,ding_deleted
6718832282797894749,ding_deleted
6718848114047347805,ding_deleted
6719581428174768197,ding_deleted
6720698446088169308,ding_deleted
6719356474962752858,ding_deleted
6718846554974219357,ding_deleted
6718832772424166493,ding_deleted
6720682365730613084,ding_deleted
6720681291988789084,ding_deleted
6718823057208142941,ding_deleted
6718866801451019115,ding_deleted
6718769181139348331,ding_deleted
6718818985579146333,ding_deleted
6720643534931289948,ding_deleted
6718746082805230443,ding_deleted
6718807754239667293,ding_deleted
6718921777021469363,ding_deleted
6718922374021923507,ding_deleted
6718973711775984733,ding_deleted
6718954788150078557,ding_deleted
6714313083848069072,ding_deleted
6718874472262609771,ding_deleted
6718867969682123627,ding_deleted
6718855956658596715,ding_deleted
6719569453805946949,ding_deleted
6718865916687756139,ding_deleted
6718805125719682141,ding_deleted
6720909401997082223,ding_deleted
6720635254234343260,ding_deleted
6718797068362001259,ding_deleted
6719625962690390891,ding_deleted
6718912087586188139,ding_deleted
6719970822783671318,ding_deleted
6720633742405855068,ding_deleted
6718735482825943915,ding_deleted
6718738588087298923,ding_deleted
6718827283455962205,ding_deleted
6718901079585008491,ding_deleted
6718877598998801259,ding_deleted
6720693996502050652,ding_deleted
6718837359450205035,ding_deleted
6718735920912608107,ding_deleted
6718790063270341483,ding_deleted
6720697990821635932,ding_deleted
6719592466238246864,ding_deleted
6720633119635597148,ding_deleted
6721087587305056092,ding_deleted
6720939565552166748,ding_deleted
6720704785459898204,ding_deleted
6718811027004746845,ding_deleted
6721306308514840175,ding_deleted
6720680252606703452,ding_deleted
6718812401394281565,ding_deleted
6719565171721080784,ding_deleted
6719557187376877520,ding_deleted
6718839962199419997,ding_deleted
6718959048757636189,ding_deleted
6718838158313155677,ding_deleted
6719587836263501776,ding_deleted
6718813217438067805,ding_deleted
6719721100508387917,ding_deleted
6719573160360251344,ding_deleted
6718817409326148701,ding_deleted
6718849153429433437,ding_deleted
6718886820293585771,ding_deleted
6718884720054578027,ding_deleted
6719054886657879133,ding_deleted
6720579192027032427,ding_deleted
6720637371643239446,ding_deleted
6721304603412823663,ding_deleted
6719740131508476493,ding_deleted
6720425041345027094,ding_deleted
6721305874723143279,ding_deleted
6719924432841907222,ding_deleted
6721203087555231707,ding_deleted
6720027366028123158,ding_deleted
6721303744419364463,ding_deleted
6719499484492491869,ding_deleted
6719924832273865750,ding_deleted
6719979283869244438,ding_deleted
6720414982542394929,ding_deleted
6721303452361588335,ding_deleted
6719902305180978966,ding_deleted
6719618081425198870,ding_deleted
6719871956942065430,ding_deleted
6719847235110309654,ding_deleted
6719908756221857558,ding_deleted
6719248851677093965,ding_deleted
6719569904777513029,ding_deleted
6719983694808865357,ding_deleted
6719962928641989197,ding_deleted
6719690004945164877,ding_deleted
6718542909375316180,ding_deleted
6719898916451782422,ding_deleted
6719632409436098326,ding_deleted
6719987367005903437,ding_deleted
6719479306736897814,ding_deleted
6719610320418695004,ding_deleted
6719991193821764173,ding_deleted
6719607365481195356,ding_deleted
6719652763286587461,ding_deleted
6719508375076030533,ding_deleted
6719623505969097579,ding_deleted
6719629518923311979,ding_deleted
6719603826428143452,ding_deleted
6719622466587011947,ding_deleted
6719539440572010448,ding_deleted
6719616599661685611,ding_deleted
6719775577876245577,ding_deleted
6718627430036734164,ding_deleted
6718565221730418900,ding_deleted
6719238719849318469,ding_deleted
6718934533080660839,ding_deleted
6719284263671471126,ding_deleted
6719997301252561003,ding_deleted
6718805963239271275,ding_deleted
6719279328765102149,ding_deleted
6719282502734879766,ding_deleted
6719283619426376726,ding_deleted
6718807977578933099,ding_deleted
6718795187166325611,ding_deleted
6718902325125524331,ding_deleted
6718842887073114987,ding_deleted
6717252589531486598,ding_deleted
6718928691924972832,ding_deleted
6718910313753756339,ding_deleted
6718735130636648660,ding_deleted
6719283353138404374,ding_deleted
6719289447707781995,ding_deleted
6719288644548897643,ding_deleted
6718885209680849771,ding_deleted
6718776615727737707,ding_deleted
6719341953682975595,ding_deleted
6719259528965598059,ding_deleted
6718733507140987755,ding_deleted
6719098403267488619,ding_deleted
6719463707413905620,ding_deleted
6719540265205731280,ding_deleted
6719263055134017605,ding_deleted
6719281446183979077,ding_deleted
6719283048195726358,ding_deleted
6718918512852788635,ding_deleted
6718906044567202667,ding_deleted
6717262549560646022,ding_deleted
6719271447499844459,ding_deleted
6718910708890747571,ding_deleted
6719310299774004075,ding_deleted
6719261517535456107,ding_deleted
6719212718117038955,ding_deleted
6719304690546715499,ding_deleted
6719179191602326379,ding_deleted
6719229833561983045,ding_deleted
6711000744939851728,ding_deleted
6719273225616305003,ding_deleted
6719260813161089093,ding_deleted
6719306606102129515,ding_deleted
6719281892860308331,ding_deleted
6719544637482438608,ding_deleted
6719286351036361579,ding_deleted
6719280144808618859,ding_deleted
6719208363020200811,ding_deleted
6718502961884496084,ding_deleted
6719072543260834112,ding_deleted
6720972684045221487,ding_deleted
6717248788485429638,ding_deleted
6719262178960419691,ding_deleted
6719242301851773803,ding_deleted
6719096934388673387,ding_deleted
6719245115055622213,ding_deleted
6719270085995481157,ding_deleted
6719202362950888299,ding_deleted
6719220745410915179,ding_deleted
6719282421141285739,ding_deleted
6718791549329025899,ding_deleted
6721024008904408687,ding_deleted
6719301529450785643,ding_deleted
6719206013673089899,ding_deleted
6719109346835593536,ding_deleted
6719602005362813803,ding_deleted
6719323094481578859,ding_deleted
6719203496822254443,ding_deleted
6719193571152833387,ding_deleted
6719074226888014144,ding_deleted
6719192845303360363,ding_deleted
6720068344321874168,ding_deleted
6718747354115550059,ding_deleted
6718858683962829675,ding_deleted
6718927291768438996,ding_deleted
6719296938130746219,ding_deleted
6719238874467871595,ding_deleted
6719283993088531478,ding_deleted
6719553218827096016,ding_deleted
6719320908343225195,ding_deleted
6719233699032279915,ding_deleted
6721070063838723695,ding_deleted
6721068418866249327,ding_deleted
6719240781433620549,ding_deleted
6719075180370753856,ding_deleted
6719095839172012907,ding_deleted
6719228364682996809,ding_deleted
6719989772187963344,ding_deleted
6719986830135365584,ding_deleted
6720030149175513040,ding_deleted
6719998018525171664,ding_deleted
6719991481584947152,ding_deleted
6720027052504092624,ding_deleted
6720054308365358823,ding_deleted
6719994191709310928,ding_deleted
6718870916029688683,ding_deleted
6720006556920156112,ding_deleted
6719987890992287696,ding_deleted
6720053612580656871,ding_deleted
6720001776621555664,ding_deleted
6720057387856910055,ding_deleted
6720049729931415504,ding_deleted
6719795888773097141,ding_deleted
6719702902723537487,ding_deleted
6720054252531978192,ding_deleted
6718882078649681457,ding_deleted
6718880949073282609,ding_deleted
6718922636025857585,ding_deleted
6720011401643266000,ding_deleted
6720050142248275920,ding_deleted
6720002210413252560,ding_deleted
6719840341687434863,ding_deleted
6719990841634820048,ding_deleted
6719655567888968271,ding_deleted
6719984854450409424,ding_deleted
6719675462177483343,ding_deleted
6719542163581276112,ding_deleted
6719430425713737327,ding_deleted
6718920278088812081,ding_deleted
6719840066809527919,ding_deleted
6719270760304508527,ding_deleted
6720454290078315808,ding_deleted
6719799853027911349,ding_deleted
6720778955246155040,ding_deleted
6720404026069893811,ding_deleted
6720767758260257459,ding_deleted
6719218735365652079,ding_deleted
6720405086926815923,ding_deleted
6718954916998936216,ding_deleted
6720404468451525299,ding_deleted
6720766937921503923,ding_deleted
6718922103438983859,ding_deleted
6720765546358256928,ding_deleted
6720768316606005939,ding_deleted
6720403575098327731,ding_deleted
6718982860056163992,ding_deleted
6720615072173036696,ding_deleted
6719798826530727605,ding_deleted
6719731717668992664,ding_deleted
6718986102756472472,ding_deleted
6719727938097772184,ding_deleted
6720410331088041248,ding_deleted
6720406186438443699,ding_deleted
6718958859778913944,ding_deleted
6720405907265569459,ding_deleted
6720589826355270808,ding_deleted
6719793419166901941,ding_deleted
6719773189870937781,ding_deleted
6719785567966684853,ding_deleted
6719785069750478517,ding_deleted
6719282176317365270,ding_deleted
6720771327378232472,ding_deleted
6718923275965055667,ding_deleted
6719263514695518277,ding_deleted
6719283855660632133,ding_deleted
6719932412899725264,ding_deleted
6719298205146368069,ding_deleted
6719239196590688325,ding_deleted
6719259284152731717,ding_deleted
6720203378092648350,ding_deleted
6719942016446599120,ding_deleted
6718858460623563869,ding_deleted
6719635029364150224,ding_deleted
6716681367472106896,ding_deleted
6719312309818698603,ding_deleted
6718901423182382641,ding_deleted
6718917877202093617,ding_deleted
6719824235558440912,ding_deleted
6719908038959946317,ding_deleted
6718882383592359473,ding_deleted
6719277580713143147,ding_deleted
6719900093270822864,ding_deleted
6719599862174133099,ding_deleted
6719269841182075755,ding_deleted
6719195512478051179,ding_deleted
6720016263537509043,ding_deleted
6718902496924206641,ding_deleted
6720856870249518293,ding_deleted
6719844280170811344,ding_deleted
6719640999368691664,ding_deleted
6716667537677413776,ding_deleted
6719623441542385616,ding_deleted
6719611183705722832,ding_deleted
6719936737931418189,ding_deleted
6719833280759192141,ding_deleted
6719929397832683472,ding_deleted
6719912724769640400,ding_deleted
6718853693209865309,ding_deleted
6716661636392349072,ding_deleted
6719290663183526763,ding_deleted
6719254340645104491,ding_deleted
6719238243107679083,ding_deleted
6719178766400564075,ding_deleted
6720035212933218995,ding_deleted
6720034942350279347,ding_deleted
6719937343521806925,ding_deleted
6721050401479280709,ding_deleted
6720720406256757611,ding_deleted
6720661109938269035,ding_deleted
6719871518855605099,ding_deleted
6718923495019316785,ding_deleted
6719841978068340688,ding_deleted
6719633573370236880,ding_deleted
6719927331953039949,ding_deleted
6719000413588630379,ding_deleted
6719834865602724052,ding_deleted
6718829362221215120,ding_deleted
6719898104700590669,ding_deleted
6718918323878692401,ding_deleted
6719905285886283728,ding_deleted
6715844286936051088,ding_deleted
6718798017549888912,ding_deleted
6719283318789720133,ding_deleted
6718894804637779505,ding_deleted
6718882684240070193,ding_deleted
6718956609217168945,ding_deleted
6719923616806703056,ding_deleted
6719938108026359760,ding_deleted
6719619193819729872,ding_deleted
6715838780787977616,ding_deleted
6718861849352760413,ding_deleted
6719905676727933517,ding_deleted
6720705270791978811,ding_deleted
6720394963700092274,ding_deleted
6719907570808885200,ding_deleted
6720202849811670942,ding_deleted
6719924437145456592,ding_deleted
6720640889232508997,ding_deleted
6720384406670493765,ding_deleted
6720383199784683589,ding_deleted
6720382735928215621,ding_deleted
6720352344739629125,ding_deleted
6715840941156527504,ding_deleted
6719923354813323853,ding_deleted
6719897353081313869,ding_deleted
6719892353739381325,ding_deleted
6720349449931671621,ding_deleted
6720662952479508549,ding_deleted
6719749301264027600,ding_deleted
6718860698301687644,ding_deleted
6719548919564832720,ding_deleted
6719524068886515058,ding_deleted
6720404369676013520,ding_deleted
6720404790582808528,ding_deleted
6720704102558699472,ding_deleted
6720687536869838800,ding_deleted
6720298795087113067,ding_deleted
6720379463148923287,ding_deleted
6720316335733549931,ding_deleted
6720300951159891804,ding_deleted
6720700060994473936,ding_deleted
6720692046585499600,ding_deleted
6720689993591132112,ding_deleted
6720369069331559886,ding_deleted
6720211989491481026,ding_deleted
6720674050672529360,ding_deleted
6720409605241147344,ding_deleted
6720326849813490539,ding_deleted
6720484376326803408,ding_deleted
6720680390044258256,ding_deleted
6720685350731485136,ding_deleted
6721350928925735531,ding_deleted
6720583693150556112,ding_deleted
6719688321317984845,ding_deleted
6719658793415619872,ding_deleted
6720666594609303504,ding_deleted
6719656040335426227,ding_deleted
6721353389941996139,ding_deleted
6719664793484932384,ding_deleted
6719664544370672307,ding_deleted
6719656577206338227,ding_deleted
6719633599142512709,ding_deleted
6719630811708722546,ding_deleted
6719928474414714832,ding_deleted
6719905887181705168,ding_deleted
6720571362299449296,ding_deleted
6719664200779445536,ding_deleted
6719658290904446240,ding_deleted
6719697070165546727,ding_deleted
6719657114077250227,ding_deleted
6719656843494310579,ding_deleted
6719874645589594064,ding_deleted
6720453813336945952,ding_deleted
6720403261565715123,ding_deleted
6720242655569587051,ding_deleted
6720405370394657459,ding_deleted
6720404816343876275,ding_deleted
6720577194867579599,ding_deleted
6720584217136566224,ding_deleted
6719868237498388432,ding_deleted
6720690551936880592,ding_deleted
6720669931798892496,ding_deleted
6720406749079159475,ding_deleted
6720402827774018227,ding_deleted
6720430667762969451,ding_deleted
6720411563748436843,ding_deleted
6719670961060548560,ding_deleted
6719615216680013776,ding_deleted
6719686607626407888,ding_deleted
6719640157555101648,ding_deleted
6720696053789986768,ding_deleted
6719842394680168400,ding_deleted
6720422627581988816,ding_deleted
6719542872250879952,ding_deleted
6719818201129015885,ding_deleted
6720678646287536080,ding_deleted
6720651094072332240,ding_deleted
6720650406877564880,ding_deleted
6721067577051025360,ding_deleted
6720589366793770136,ding_deleted
6719895244252745680,ding_deleted
6719946053715857360,ding_deleted
6720366810189212523,ding_deleted
6720633961439438945,ding_deleted
6720731014823926087,ding_deleted
6720251065115552619,ding_deleted
6719915615282256461,ding_deleted
6720684835335409616,ding_deleted
6719670535858786256,ding_deleted
6720561093032644560,ding_deleted
6720406448431448755,ding_deleted
6720713701810606032,ding_deleted
6719833882054613581,ding_deleted
6720677898963226576,ding_deleted
6720656913753018320,ding_deleted
6719845860718402125,ding_deleted
6720410026147942352,ding_deleted
6720731693428758855,ding_deleted
6719661396165801248,ding_deleted
6721048150916487887,ding_deleted
6719914301022263885,ding_deleted
6720799090057960143,ding_deleted
6720282633125178219,ding_deleted
6720829773293255530,ding_deleted
6720409094142241643,ding_deleted
6719934040692330448,ding_deleted
6720769540677842208,ding_deleted
6720283075506809707,ding_deleted
6720378973536594795,ding_deleted
6720254483909520235,ding_deleted
6720241036366916459,ding_deleted
6720385793944660843,ding_deleted
6720366299088104299,ding_deleted
6720246637004270443,ding_deleted
6720771104045937952,ding_deleted
6720708479130374096,ding_deleted
6720688069445783504,ding_deleted
6720667591041716176,ding_deleted
6720712890053203096,ding_deleted
6720771838479340696,ding_deleted
6720373746559193040,ding_deleted
6720373707906689899,ding_deleted
6720351137851346896,ding_deleted
6719888690132277837,ding_deleted
6720281293095381867,ding_deleted
6720768922196394675,ding_deleted
6720731272521963847,ding_deleted
6719840908621109837,ding_deleted
6720584771189549931,ding_deleted
6719627770869419984,ding_deleted
6719867769346953168,ding_deleted
6719827525503015501,ding_deleted
6719950043740475344,ding_deleted
6720652674620297168,ding_deleted
6720691389452924192,ding_deleted
6719817071552991184,ding_deleted
6720737976957179032,ding_deleted
6720355866601755800,ding_deleted
6721071554190741456,ding_deleted
6719607103486791632,ding_deleted
6718963957905094296,ding_deleted
6720361879555970200,ding_deleted
6719887925628099149,ding_deleted
6720649290186067920,ding_deleted
6720638608602402768,ding_deleted
6721404001840512707,ding_deleted
6719632911945273296,ding_deleted
6720359341238882256,ding_deleted
6720372312040116176,ding_deleted
6720764764668204184,ding_deleted
6719925446462771152,ding_deleted
6719914846483484624,ding_deleted
6720395543518220240,ding_deleted
6720355205185376208,ding_deleted
6720769240023974579,ding_deleted
6720766663043596979,ding_deleted
6719660683201230112,ding_deleted
6719657449084699315,ding_deleted
6719926163722309584,ding_deleted
6719919038371565520,ding_deleted
6720382130335354832,ding_deleted
6719931970518093776,ding_deleted
6719913244460683216,ding_deleted
6719664003204793011,ding_deleted
6721047656992706512,ding_deleted
6719658007430447795,ding_deleted
6720597179339281560,ding_deleted
6720406469906437272,ding_deleted
6720688752336999576,ding_deleted
6721063617091178448,ding_deleted
6721055589797302224,ding_deleted
6720767483382350515,ding_deleted
6719848364684335693,ding_deleted
6719654584341512883,ding_deleted
6719933460871371341,ding_deleted
6720767217094378163,ding_deleted
6720407105567601952,ding_deleted
6721075527035490256,ding_deleted
6720768883541841048,ding_deleted
6720365221051313003,ding_deleted
6720371848183648208,ding_deleted
6719658668855411379,ding_deleted
6720654929480330091,ding_deleted
6720363417162846160,ding_deleted
6719106159967912761,ding_deleted
6719656310918365875,ding_deleted
6720771447637316760,ding_deleted
6720715797754646480,ding_deleted
6719339307972393834,ding_deleted
6720801636973226859,ding_deleted
6720792454333148011,ding_deleted
6720624997853244267,ding_deleted
6720065574067972971,ding_deleted
6719657741142475443,ding_deleted
6719654850629485235,ding_deleted
6720768587188945587,ding_deleted
6720377912677470160,ding_deleted
6720370568283394000,ding_deleted
6720411013987841312,ding_deleted
6720825177688976235,ding_deleted
6720600950331353963,ding_deleted
6720598089883134827,ding_deleted
6720587893630774123,ding_deleted
6719172401259031403,ding_deleted
6720380725872465048,ding_deleted
6720347628854482072,ding_deleted
6719658376797635251,ding_deleted
6719666219414074656,ding_deleted
6719655628018565811,ding_deleted
6720847378374929259,ding_deleted
6720780355410275179,ding_deleted
6720758773199612779,ding_deleted
6720709686018386795,ding_deleted
6720697608570350443,ding_deleted
6720727643265864856,ding_deleted
6721357783693800794,ding_deleted
6720598231606269080,ding_deleted
6720437054368400051,ding_deleted
6720765838409876147,ding_deleted
6720405636682629811,ding_deleted
6720752012910302360,ding_deleted
6720775712545846560,ding_deleted
6720768020253262515,ding_deleted
6720718331787553643,ding_deleted
6720665400610597739,ding_deleted
6720338901480936600,ding_deleted
6721364672821343578,ding_deleted
6721364844620035418,ding_deleted
6720355810767180952,ding_deleted
6719330163995545552,ding_deleted
6720580308707742872,ding_deleted
6719281102586325867,ding_deleted
6716670376650796432,ding_deleted
6720383998637546518,ding_deleted
6718938188097829735,ding_deleted
6719295684000295787,ding_deleted
6719200602014296939,ding_deleted
6719199176085154667,ding_deleted
6721365514634933594,ding_deleted
6718934979757259623,ding_deleted
6720615351345910936,ding_deleted
6720413788541486641,ding_deleted
6720037669654512307,ding_deleted
6720037403366539955,ding_deleted
6718513961287166049,ding_deleted
6719346029605199944,ding_deleted
6721380469711058266,ding_deleted
6721059622771593168,ding_deleted
6719672386989690832,ding_deleted
6719855434200504909,ding_deleted
6719603126347075536,ding_deleted
6719831502643331284,ding_deleted
6721411612518790432,ding_deleted
6718919968851166769,ding_deleted
6719920249551968845,ding_deleted
6718792696085409168,ding_deleted
6720233653318134635,ding_deleted
6719888191916445648,ding_deleted
6718867638968675421,ding_deleted
6720034237975642803,ding_deleted
6720389165494257733,ding_deleted
6718872642605575261,ding_deleted
6718868364818148445,ding_deleted
6718919569419208241,ding_deleted
6720035496401060531,ding_deleted
6718935615417026097,ding_deleted
6715847967723023760,ding_deleted
6718826020736658832,ding_deleted
6718895483241655389,ding_deleted
6720038807827002656,ding_deleted
6720016164759418144,ding_deleted
6721365823872578906,ding_deleted
6720039705475167520,ding_deleted
6718880661310473777,ding_deleted
6720036033271972531,ding_deleted
6720643071075625835,ding_deleted
6719865059224791915,ding_deleted
6719889931380403051,ding_deleted
6720841605938883435,ding_deleted
6720743002079701867,ding_deleted
6720648431194811243,ding_deleted
6720627987150482283,ding_deleted
6720782193656277867,ding_deleted
6720625466004679531,ding_deleted
6718889152460817969,ding_deleted
6719867563190725483,ding_deleted
6720044189425806187,ding_deleted
6718910713196643889,ding_deleted
6716669908499361168,ding_deleted
6720221150668335979,ding_deleted
6720224359008906091,ding_deleted
6720776940911274859,ding_deleted
6720645055350516587,ding_deleted
6720627510409112427,ding_deleted
6719887697997409131,ding_deleted
6720755715182898027,ding_deleted
6720743431576431467,ding_deleted
6720737465866857323,ding_deleted
6720056206744300395,ding_deleted
6720717180736318315,ding_deleted
6719088318673765177,ding_deleted
6719088000853295965,ding_deleted
6720633381629406059,ding_deleted
6720707723218332523,ding_deleted
6720235212391263083,ding_deleted
6720759524818889579,ding_deleted
6720693498286648171,ding_deleted
6720663111393028971,ding_deleted
6718953813193459249,ding_deleted
6720037996078183712,ding_deleted
6720036836430856883,ding_deleted
6718881339915306545,ding_deleted
6718880369252697649,ding_deleted
6720737903953521515,ding_deleted
6720639136885582699,ding_deleted
6720182508847573867,ding_deleted
6720603394167745387,ding_deleted
6720825675905182571,ding_deleted
6720704059611229035,ding_deleted
6720695985072712555,ding_deleted
6719979197980683115,ding_deleted
6720018853413727083,ding_deleted
6715844763677420944,ding_deleted
6720219080494099307,ding_deleted
6720721389804268395,ding_deleted
6718901698060289585,ding_deleted
6715842616193772944,ding_deleted
6715837148700405136,ding_deleted
6720217663154891627,ding_deleted
6720744973469690731,ding_deleted
6720729842299906923,ding_deleted
6720631642167651179,ding_deleted
6719315973425802091,ding_deleted
6719248155892198251,ding_deleted
6719197032896473963,ding_deleted
6718902806161851953,ding_deleted
6718883083672028721,ding_deleted
6720688559074257771,ding_deleted
6720681807385668459,ding_deleted
6720649612310817643,ding_deleted
6719282773317819414,ding_deleted
6719864552418650987,ding_deleted
6718922086270043697,ding_deleted
6718881803771774513,ding_deleted
6719951628583033421,ding_deleted
6720723606007393131,ding_deleted
6720641627966614379,ding_deleted
6720036299559944883,ding_deleted
6720037132783600307,ding_deleted
6720856831597947755,ding_deleted
6720754692980681579,ding_deleted
6720663875897207659,ding_deleted
6719961842017839979,ding_deleted
6720715930900835179,ding_deleted
6720657523640576875,ding_deleted
6720622562606787435,ding_deleted
6719982548052597325,ding_deleted
6716658140288970128,ding_deleted
6720038734806401715,ding_deleted
6721384103253390682,ding_deleted
6721365046483498330,ding_deleted
6720705240727235435,ding_deleted
6720623129542470507,ding_deleted
6719969392570346347,ding_deleted
6720192889783528299,ding_deleted
6717879178016386448,ding_deleted
6721161271764221551,ding_deleted
6719248924691344235,ding_deleted
6719974190046239309,ding_deleted
6719274393847679045,ding_deleted
6719217837718055787,ding_deleted
6719207710185171819,ding_deleted
6721197169096538731,ding_deleted
6720766723184077675,ding_deleted
6720661883032382315,ding_deleted
6720748568355264839,ding_deleted
6720697380935031111,ding_deleted
6720723803573836103,ding_deleted
6720797900351679339,ding_deleted
6720038429863723699,ding_deleted
6720036570142884531,ding_deleted
6720035762689032883,ding_deleted
6720284527205755755,ding_deleted
6720402952339008363,ding_deleted
6720589152054139207,ding_deleted
6720784173634148679,ding_deleted
6716915112476203398,ding_deleted
6720374588375255109,ding_deleted
6721200987316222010,ding_deleted
6720824567803620203,ding_deleted
6720705884972329835,ding_deleted
6720695461086702443,ding_deleted
6719867060679551851,ding_deleted
6718924835038184115,ding_deleted
6719655065389058117,ding_deleted
6718940417185856359,ding_deleted
6718920698984678067,ding_deleted
6718921235855590067,ding_deleted
6719960583589845581,ding_deleted
6719997327022154463,ding_deleted
6719683665573435981,ding_deleted
6719955111801510477,ding_deleted
6721203143389804602,ding_deleted
6720600774237964357,ding_deleted
6720397398946564165,ding_deleted
6719659356061386821,ding_deleted
6720372638459833195,ding_deleted
6719616831590189125,ding_deleted
6720723490041223495,ding_deleted
6718923546547995315,ding_deleted
6718922906597868211,ding_deleted
6718921510733497011,ding_deleted
6720190845353341168,ding_deleted
6718986789951239832,ding_deleted
6719075549737941312,ding_deleted
6720249647774292295,ding_deleted
6719056875202949360,ding_deleted
6720424362750978923,ding_deleted
6720395668074474347,ding_deleted
6720207492672334699,ding_deleted
6720240349172149099,ding_deleted
6718924568750211763,ding_deleted
6718919346069979827,ding_deleted
6720396239305124715,ding_deleted
6718927811450520243,ding_deleted
6720817163280001899,ding_deleted
6720607555991055211,ding_deleted
6719977106331609963,ding_deleted
6719993096494852971,ding_deleted
6718920089099322035,ding_deleted
6720752223374486379,ding_deleted
6720731126495128427,ding_deleted
6720652412629494635,ding_deleted
6720229873746914155,ding_deleted
6721410315438667040,ding_deleted
6720764558520560491,ding_deleted
6720677722871769963,ding_deleted
6720597157875231595,ding_deleted
6720725319699344235,ding_deleted
6720616747221068651,ding_deleted
6719053035527940971,ding_deleted
6720771825605225323,ding_deleted
6720793227427261291,ding_deleted
6720669618268482411,ding_deleted
6720232974713301867,ding_deleted
6720233472929508203,ding_deleted
6720673767206890347,ding_deleted
6720741103704157035,ding_deleted
6720642632988961643,ding_deleted
6719853235179826027,ding_deleted
6720192103804513131,ding_deleted
6720794404248300395,ding_deleted
6720785960342596459,ding_deleted
6720689302103599979,ding_deleted
6720639712411200363,ding_deleted
6720774080463055723,ding_deleted
6720762170518743915,ding_deleted
6720585342420200299,ding_deleted
6719612162959664988,ding_deleted
6720225110628182891,ding_deleted
6720836005301529451,ding_deleted
6720813680061524843,ding_deleted
6720765121161276267,ding_deleted
6720650140591795051,ding_deleted
6720615007759313771,ding_deleted
6720601663295925099,ding_deleted
6719976363302267755,ding_deleted
6720222516467936107,ding_deleted
6720727956809263979,ding_deleted
6720655857193266027,ding_deleted
6720636796128406379,ding_deleted
6720595478543018859,ding_deleted
6720367802324455376,ding_deleted
6720727664749285328,ding_deleted
6721384279347049818,ding_deleted
6721051625542488016,ding_deleted
6719046971025553728,ding_deleted
6720368352080269264,ding_deleted
6718888512509733981,ding_deleted
6719631211140696133,ding_deleted
6719630309197563973,ding_deleted
6720614488068540485,ding_deleted
6720330187003349061,ding_deleted
6716961601202215302,ding_deleted
6720373012122257477,ding_deleted
6720714285926158288,ding_deleted
6718866801450052701,ding_deleted
6719095474091227456,ding_deleted
6718891433087495261,ding_deleted
6720390286480721989,ding_deleted
6720418955387422789,ding_deleted
6720381417373255749,ding_deleted
6719604711191406428,ding_deleted
6720603523017033797,ding_deleted
6718963403854313112,ding_deleted
6720317306396158827,ding_deleted
6719691400812382277,ding_deleted
6719631546148145221,ding_deleted
6720319922031242091,ding_deleted
6719634535445383237,ding_deleted
6720375696462604695,ding_deleted
6720338308786236267,ding_deleted
6720311851787692907,ding_deleted
6720297811539602283,ding_deleted
6719693960609676820,ding_deleted
6721301279103793771,ding_deleted
6721151891551304299,ding_deleted
6721047845973739589,ding_deleted
6718863073418439773,ding_deleted
6720959150604180175,ding_deleted
6720314806725192555,ding_deleted
6720308497418234731,ding_deleted
6718893142484479069,ding_deleted
6720296621833661291,ding_deleted
6720331119010982763,ding_deleted
6718953473889924760,ding_deleted
6721177790208441967,ding_deleted
6720334559279786859,ding_deleted
6720322529076390763,ding_deleted
6720294388450667371,ding_deleted
6720357009072826270,ding_deleted
6718702853959494729,ding_deleted
6720313750163237739,ding_deleted
6720325514078661483,ding_deleted
6720299267533515627,ding_deleted
6720288616014621547,ding_deleted
6720371014951744974,ding_deleted
6720301552456117099,ding_deleted
6720335899309583211,ding_deleted
6720942056634002283,ding_deleted
6720949366668340075,ding_deleted
6720957471271627627,ding_deleted
6720937963530169195,ding_deleted
6719055827256823912,ding_deleted
6719057519473938536,ding_deleted
6720950277201406827,ding_deleted
6718858550818039644,ding_deleted
6720932191094123371,ding_deleted
6720970416303057771,ding_deleted
6719691224716476628,ding_deleted
6718499216673013972,ding_deleted
6718796179303869513,ding_deleted
6719008823134595947,ding_deleted
6718857773428959068,ding_deleted
6719603663220444530,ding_deleted
6719865140829440069,ding_deleted
6719645444660068564,ding_deleted
6719614417818553714,ding_deleted
6721152166429340960,ding_deleted
6721149172830978739,ding_deleted
6721157475002761907,ding_deleted
6721149447708885683,ding_deleted
6718499740659024084,ding_deleted
6719676106422577743,ding_deleted
6718497240988057812,ding_deleted
6717998560925253844,ding_deleted
6719647317265809620,ding_deleted
6718494741317091540,ding_deleted
6718893975708134493,ding_deleted
6719873550371685958,ding_deleted
6721151711156650675,ding_deleted
6721151977444623027,ding_deleted
6721151096976327347,ding_deleted
6721149877205615283,ding_deleted
6719811204627890388,ding_deleted
6718125094956761300,ding_deleted
6719612626814959828,ding_deleted
6721151371854234291,ding_deleted
6721150641709793971,ding_deleted
6718463546969620692,ding_deleted
6720069503960846288,ding_deleted
6719872029954736340,ding_deleted
6720192619198386128,ding_deleted
6720214622315843536,ding_deleted
6719999040729930447,ding_deleted
6720267544902864848,ding_deleted
6720190527549312976,ding_deleted
6720196050877255632,ding_deleted
6720268283637239760,ding_deleted
6720224689719185360,ding_deleted
6720204164070477776,ding_deleted
